{
  "MID360": {
    "lidar_net_info" : {
      "cmd_data_port"  : 56100,
      "push_msg_port"  : 56200,
      "point_data_port": 56300,
      "imu_data_port"  : 56400,
      "log_data_port"  : 56500
    },
    "host_net_info" : [
      {
        "host_ip"        : "192.168.1.2",
        "multicast_ip"   : "224.1.1.5",
        "cmd_data_port"  : 56101,
        "push_msg_port"  : 56201,
        "point_data_port": 56301,
        "imu_data_port"  : 56401,
        "log_data_port"  : 56501
      }
    ]
  }
}
